id,cnpj,razaoSocial,nomeFantasia,endereco,cidade,estado,cep,telefone,email,logoUrl,site,grupoEmpresarial,isActive,createdAt,updatedAt,prefixoCodigo,nextCodigoInterno,numerosProibidos,deletedAt,deletedBy,deletedByUserId,inscricaoEstadual,inscricaoMunicipal,compartilha_recursos
60002,29.353.906/0001-71,FC ENGENHARIA E CONSTRUCAO LTDA,FC ENGENHARIA PROJETOS E OBRAS,"JUSCELINO KUBITSCHEK DE OLIVEIRA, 1301, SALA 1104",GUARATINGUETA,SP,12505-300,(12) 9144-3486,contato@fcengenharia.com.br,https://d2xsxph8kpxj0f.cloudfront.net/310419663028720190/W4MM458SKqYRWRGGQrfw8A/company-logos/60002-ky8jomx0.jpg,,Construtora,1,2026-02-20 19:35:19,2026-03-05 15:50:15,JFC,199,"13,17,22,24,69,171,666",,,,,,1
60004,47.401.586/0001-60,CF HOTELARIA LTDA,HOTEL CONSAGRADO,"MONTE CARMELO, 164",APARECIDA,SP,12570-025,(12) 3105-5110,contato@hotelconsagrado.com.br,https://d2xsxph8kpxj0f.cloudfront.net/310419663028720190/W4MM458SKqYRWRGGQrfw8A/company-logos/60004-88491vik.jpg,,Hotelaria,1,2026-02-20 19:35:19,2026-03-05 15:50:15,HC,28,"13,17,22,24,69,171,666",,,,,,0
60005,03.426.403/0001-95,JULIO FERRAZ PROJETOS E OBRAS LTDA,JULIO FERRAZ PROJETOS E OBRAS LTDA,"ANGELO PASIN, 47",APARECIDA,SP,12570-000,(12) 9188-9238,contato@julioferraz.com.br,https://d2xsxph8kpxj0f.cloudfront.net/310419663028720190/W4MM458SKqYRWRGGQrfw8A/company-logos/60005-8j80b24l.jpg,,Construtora,1,2026-02-20 19:35:19,2026-03-05 15:50:15,JFP,28,"13,17,22,24,69,171,666",,,,,,1
90001,61.423.062/0001-09,LOCNOW LOCACOES E SERVICOS DE MAQUINAS VEICULOS E EQUIPAMENTOS LTDA,,"LAUDELINO DE FREITAS CASTRO, 235",GUARATINGUETA,SP,12516-190,(12) 9260-6868,,https://d2xsxph8kpxj0f.cloudfront.net/310419663028720190/W4MM458SKqYRWRGGQrfw8A/company-logos/90001-9d8nxsn9.jpg,,Locação,1,2026-02-20 21:49:45,2026-03-05 15:50:15,LN,6,"13,17,22,24,69,171,666",,,,,,0
450042,99.060.711/0001-99,Empresa Teste CRUD,Teste CRUD Atualizado,"Rua Teste, 123",São Paulo,SP,01234-567,(11) 3456-7890,teste@crud.com,,,,1,2026-02-24 10:20:31,2026-02-24 10:20:31,EMP,3,"13,17,22,24,69,171,666",2026-02-24 10:20:31,,,,,0
450043,99.894.175/0001-99,Empresa Teste CRUD,Teste CRUD Atualizado,"Rua Teste, 123",São Paulo,SP,01234-567,(11) 3456-7890,teste@crud.com,,,,1,2026-02-24 10:20:44,2026-02-24 10:20:45,EMP,3,"13,17,22,24,69,171,666",2026-02-24 10:20:45,,,,,0
450044,99.219.830/0001-99,Empresa Teste CRUD,Teste CRUD Atualizado,"Rua Teste, 123",São Paulo,SP,01234-567,(11) 3456-7890,teste@crud.com,,,,1,2026-02-24 10:20:58,2026-02-24 10:20:59,EMP,3,"13,17,22,24,69,171,666",2026-02-24 10:20:59,,,,,0
450045,99.429.427/0001-99,Empresa Teste CRUD,Teste CRUD Atualizado,"Rua Teste, 123",São Paulo,SP,01234-567,(11) 3456-7890,teste@crud.com,,,,1,2026-02-24 10:21:35,2026-02-24 10:21:36,EMP,3,"13,17,22,24,69,171,666",2026-02-24 10:21:36,,,,,0
450046,99.729.458/0001-99,Empresa Teste CRUD,Teste CRUD Atualizado,"Rua Teste, 123",São Paulo,SP,01234-567,(11) 3456-7890,teste@crud.com,,,,1,2026-02-24 10:21:57,2026-02-24 10:21:58,EMP,3,"13,17,22,24,69,171,666",2026-02-24 10:21:58,,,,,0
450047,99.477.883/0001-99,Empresa Teste CRUD,Teste CRUD Atualizado,"Rua Teste, 123",São Paulo,SP,01234-567,(11) 3456-7890,teste@crud.com,,,,1,2026-02-24 10:22:11,2026-02-24 10:22:12,EMP,3,"13,17,22,24,69,171,666",2026-02-24 10:22:12,,,,,0
450048,99.872.737/0001-99,Empresa Teste CRUD,Teste CRUD Atualizado,"Rua Teste, 123",São Paulo,SP,01234-567,(11) 3456-7890,teste@crud.com,,,,1,2026-02-24 10:22:34,2026-02-24 10:22:35,EMP,3,"13,17,22,24,69,171,666",2026-02-24 10:22:35,,,,,0
450049,99.334.706/0001-99,Empresa Teste CRUD,Teste CRUD Atualizado,"Rua Teste, 123",São Paulo,SP,01234-567,(11) 3456-7890,teste@crud.com,,,,1,2026-02-24 11:21:01,2026-02-24 11:21:02,EMP,3,"13,17,22,24,69,171,666",2026-02-24 11:21:02,,,,,0
450050,99.204.720/0001-99,Empresa Teste CRUD,Teste CRUD Atualizado,"Rua Teste, 123",São Paulo,SP,01234-567,(11) 3456-7890,teste@crud.com,,,,1,2026-02-24 11:33:09,2026-02-24 11:33:10,EMP,3,"13,17,22,24,69,171,666",2026-02-24 11:33:10,,,,,0
450051,99.719.937/0001-99,Empresa Teste CRUD,Teste CRUD Atualizado,"Rua Teste, 123",São Paulo,SP,01234-567,(11) 3456-7890,teste@crud.com,,,,1,2026-02-24 11:35:19,2026-02-24 11:35:20,EMP,3,"13,17,22,24,69,171,666",2026-02-24 11:35:20,,,,,0
480001,99.826.708/0001-99,Empresa Teste CRUD,Teste CRUD Atualizado,"Rua Teste, 123",São Paulo,SP,01234-567,(11) 3456-7890,teste@crud.com,,,,1,2026-02-24 13:37:57,2026-02-24 13:37:58,EMP,3,"13,17,22,24,69,171,666",2026-02-24 13:37:58,,,,,0
480002,99.714.552/0001-99,Empresa Teste CRUD,Teste CRUD Atualizado,"Rua Teste, 123",São Paulo,SP,01234-567,(11) 3456-7890,teste@crud.com,,,,1,2026-02-24 13:38:33,2026-02-24 13:38:34,EMP,3,"13,17,22,24,69,171,666",2026-02-24 13:38:34,,,,,0
480003,99.909.079/0001-99,Empresa Teste CRUD,Teste CRUD Atualizado,"Rua Teste, 123",São Paulo,SP,01234-567,(11) 3456-7890,teste@crud.com,,,,1,2026-02-24 13:50:50,2026-02-24 13:50:56,EMP,3,"13,17,22,24,69,171,666",2026-02-24 13:50:56,,,,,0
480004,99.295.116/0001-99,Empresa Teste CRUD,Teste CRUD Atualizado,"Rua Teste, 123",São Paulo,SP,01234-567,(11) 3456-7890,teste@crud.com,,,,1,2026-02-24 14:48:00,2026-02-24 14:48:01,EMP,3,"13,17,22,24,69,171,666",2026-02-24 14:48:01,,,,,0
480005,99.754.589/0001-99,Empresa Teste CRUD,Teste CRUD Atualizado,"Rua Teste, 123",São Paulo,SP,01234-567,(11) 3456-7890,teste@crud.com,,,,1,2026-02-24 14:53:09,2026-02-24 14:53:10,EMP,3,"13,17,22,24,69,171,666",2026-02-24 14:53:10,,,,,0
480006,99.244.812/0001-99,Empresa Teste CRUD,Teste CRUD Atualizado,"Rua Teste, 123",São Paulo,SP,01234-567,(11) 3456-7890,teste@crud.com,,,,1,2026-02-24 14:58:45,2026-02-24 14:58:46,EMP,3,"13,17,22,24,69,171,666",2026-02-24 14:58:46,,,,,0
480007,99.032.695/0001-99,Empresa Teste CRUD,Teste CRUD Atualizado,"Rua Teste, 123",São Paulo,SP,01234-567,(11) 3456-7890,teste@crud.com,,,,1,2026-02-24 15:07:31,2026-02-24 15:07:32,EMP,3,"13,17,22,24,69,171,666",2026-02-24 15:07:32,,,,,0
510001,99.970.136/0001-99,Empresa Teste CRUD,Teste CRUD Atualizado,"Rua Teste, 123",São Paulo,SP,01234-567,(11) 3456-7890,teste@crud.com,,,,1,2026-02-24 17:25:40,2026-02-24 17:25:41,EMP,3,"13,17,22,24,69,171,666",2026-02-24 17:25:41,,,,,0
510002,99.658.728/0001-99,Empresa Teste CRUD,Teste CRUD Atualizado,"Rua Teste, 123",São Paulo,SP,01234-567,(11) 3456-7890,teste@crud.com,,,,1,2026-02-24 17:35:32,2026-02-24 17:35:33,EMP,3,"13,17,22,24,69,171,666",2026-02-24 17:35:33,,,,,0
510003,99.538.210/0001-99,Empresa Teste CRUD,Teste CRUD Atualizado,"Rua Teste, 123",São Paulo,SP,01234-567,(11) 3456-7890,teste@crud.com,,,,1,2026-02-24 17:53:18,2026-02-24 17:53:19,EMP,3,"13,17,22,24,69,171,666",2026-02-24 17:53:19,,,,,0
540001,99.246.361/0001-99,Empresa Teste CRUD,Teste CRUD Atualizado,"Rua Teste, 123",São Paulo,SP,01234-567,(11) 3456-7890,teste@crud.com,,,,1,2026-02-24 22:49:53,2026-02-24 22:49:54,EMP,3,"13,17,22,24,69,171,666",2026-02-24 22:49:54,,,,,0
540002,99.574.200/0001-99,Empresa Teste CRUD,Teste CRUD Atualizado,"Rua Teste, 123",São Paulo,SP,01234-567,(11) 3456-7890,teste@crud.com,,,,1,2026-02-24 22:54:38,2026-02-24 22:54:39,EMP,3,"13,17,22,24,69,171,666",2026-02-24 22:54:39,,,,,0
570001,99.644.647/0001-99,Empresa Teste CRUD,Teste CRUD Atualizado,"Rua Teste, 123",São Paulo,SP,01234-567,(11) 3456-7890,teste@crud.com,,,,1,2026-02-24 23:50:52,2026-02-24 23:50:54,EMP,3,"13,17,22,24,69,171,666",2026-02-24 23:50:54,,,,,0
570002,99.296.907/0001-99,Empresa Teste CRUD,Teste CRUD Atualizado,"Rua Teste, 123",São Paulo,SP,01234-567,(11) 3456-7890,teste@crud.com,,,,1,2026-02-25 00:33:39,2026-02-25 00:33:40,EMP,3,"13,17,22,24,69,171,666",2026-02-25 00:33:40,,,,,0
600001,99.041.263/0001-99,Empresa Teste CRUD,Teste CRUD Atualizado,"Rua Teste, 123",São Paulo,SP,01234-567,(11) 3456-7890,teste@crud.com,,,,1,2026-02-25 02:49:20,2026-02-25 02:49:20,EMP,3,"13,17,22,24,69,171,666",2026-02-25 02:49:20,,,,,0
600002,99.188.715/0001-99,Empresa Teste CRUD,Teste CRUD Atualizado,"Rua Teste, 123",São Paulo,SP,01234-567,(11) 3456-7890,teste@crud.com,,,,1,2026-02-25 02:49:30,2026-02-25 02:49:30,EMP,3,"13,17,22,24,69,171,666",2026-02-25 02:49:30,,,,,0
600003,99.860.708/0001-99,Empresa Teste CRUD,Teste CRUD Atualizado,"Rua Teste, 123",São Paulo,SP,01234-567,(11) 3456-7890,teste@crud.com,,,,1,2026-02-25 02:51:22,2026-02-25 02:51:23,EMP,3,"13,17,22,24,69,171,666",2026-02-25 02:51:23,,,,,0
630001,99.327.704/0001-99,Empresa Teste CRUD,Teste CRUD Atualizado,"Rua Teste, 123",São Paulo,SP,01234-567,(11) 3456-7890,teste@crud.com,,,,1,2026-02-25 11:01:34,2026-02-25 11:01:35,EMP,3,"13,17,22,24,69,171,666",2026-02-25 11:01:35,,,,,0
630002,99.633.722/0001-99,Empresa Teste CRUD,Teste CRUD Atualizado,"Rua Teste, 123",São Paulo,SP,01234-567,(11) 3456-7890,teste@crud.com,,,,1,2026-02-25 11:03:32,2026-02-25 11:03:33,EMP,3,"13,17,22,24,69,171,666",2026-02-25 11:03:33,,,,,0
630003,99.233.823/0001-99,Empresa Teste CRUD,Teste CRUD Atualizado,"Rua Teste, 123",São Paulo,SP,01234-567,(11) 3456-7890,teste@crud.com,,,,1,2026-02-25 11:54:56,2026-02-25 11:54:57,EMP,3,"13,17,22,24,69,171,666",2026-02-25 11:54:57,,,,,0
630004,99.513.288/0001-99,Empresa Teste CRUD,Teste CRUD Atualizado,"Rua Teste, 123",São Paulo,SP,01234-567,(11) 3456-7890,teste@crud.com,,,,1,2026-02-25 11:55:30,2026-02-25 11:55:31,EMP,3,"13,17,22,24,69,171,666",2026-02-25 11:55:31,,,,,0
630005,99.650.539/0001-99,Empresa Teste CRUD,Teste CRUD Atualizado,"Rua Teste, 123",São Paulo,SP,01234-567,(11) 3456-7890,teste@crud.com,,,,1,2026-02-25 14:24:09,2026-02-25 14:24:10,EMP,3,"13,17,22,24,69,171,666",2026-02-25 14:24:10,,,,,0
660001,99.223.284/0001-99,Empresa Teste CRUD,Teste CRUD Atualizado,"Rua Teste, 123",São Paulo,SP,01234-567,(11) 3456-7890,teste@crud.com,,,,1,2026-02-25 19:55:28,2026-02-25 19:55:29,EMP,3,"13,17,22,24,69,171,666",2026-02-25 19:55:29,,,,,0
660002,99.832.347/0001-99,Empresa Teste CRUD,Teste CRUD Atualizado,"Rua Teste, 123",São Paulo,SP,01234-567,(11) 3456-7890,teste@crud.com,,,,1,2026-02-25 20:04:10,2026-02-25 20:04:11,EMP,3,"13,17,22,24,69,171,666",2026-02-25 20:04:11,,,,,0
660003,99.449.148/0001-99,Empresa Teste CRUD,Teste CRUD Atualizado,"Rua Teste, 123",São Paulo,SP,01234-567,(11) 3456-7890,teste@crud.com,,,,1,2026-02-25 20:25:48,2026-02-25 20:25:49,EMP,3,"13,17,22,24,69,171,666",2026-02-25 20:25:49,,,,,0
660004,99.134.668/0001-99,Empresa Teste CRUD,Teste CRUD Atualizado,"Rua Teste, 123",São Paulo,SP,01234-567,(11) 3456-7890,teste@crud.com,,,,1,2026-02-25 20:46:19,2026-02-25 20:46:19,EMP,3,"13,17,22,24,69,171,666",2026-02-25 20:46:19,,,,,0
660005,99.736.102/0001-99,Empresa Teste CRUD,Teste CRUD Atualizado,"Rua Teste, 123",São Paulo,SP,01234-567,(11) 3456-7890,teste@crud.com,,,,1,2026-02-25 21:14:29,2026-02-25 21:14:30,EMP,3,"13,17,22,24,69,171,666",2026-02-25 21:14:30,,,,,0
660006,99.866.523/0001-99,Empresa Teste CRUD,Teste CRUD Atualizado,"Rua Teste, 123",São Paulo,SP,01234-567,(11) 3456-7890,teste@crud.com,,,,1,2026-02-25 21:19:23,2026-02-25 21:19:24,EMP,3,"13,17,22,24,69,171,666",2026-02-25 21:19:24,,,,,0
660007,99.013.821/0001-99,Empresa Teste CRUD,Teste CRUD Atualizado,"Rua Teste, 123",São Paulo,SP,01234-567,(11) 3456-7890,teste@crud.com,,,,1,2026-02-25 21:26:48,2026-02-25 21:26:48,EMP,3,"13,17,22,24,69,171,666",2026-02-25 21:26:48,,,,,0
690001,99.390.543/0001-99,Empresa Teste CRUD,Teste CRUD Atualizado,"Rua Teste, 123",São Paulo,SP,01234-567,(11) 3456-7890,teste@crud.com,,,,1,2026-02-25 21:58:51,2026-02-25 21:58:52,EMP,3,"13,17,22,24,69,171,666",2026-02-25 21:58:52,,,,,0
720001,99.426.828/0001-99,Empresa Teste CRUD,Teste CRUD Atualizado,"Rua Teste, 123",São Paulo,SP,01234-567,(11) 3456-7890,teste@crud.com,,,,1,2026-02-25 22:26:12,2026-02-25 22:26:13,EMP,3,"13,17,22,24,69,171,666",2026-02-25 22:26:13,,,,,0
720002,99.269.070/0001-99,Empresa Teste CRUD,Teste CRUD Atualizado,"Rua Teste, 123",São Paulo,SP,01234-567,(11) 3456-7890,teste@crud.com,,,,1,2026-02-25 22:39:40,2026-02-25 22:39:41,EMP,3,"13,17,22,24,69,171,666",2026-02-25 22:39:41,,,,,0
720003,99.134.488/0001-99,Empresa Teste CRUD,Teste CRUD Atualizado,"Rua Teste, 123",São Paulo,SP,01234-567,(11) 3456-7890,teste@crud.com,,,,1,2026-02-25 22:40:41,2026-02-25 22:40:42,EMP,3,"13,17,22,24,69,171,666",2026-02-25 22:40:42,,,,,0
750001,99.175.146/0001-99,Empresa Teste CRUD,Teste CRUD Atualizado,"Rua Teste, 123",São Paulo,SP,01234-567,(11) 3456-7890,teste@crud.com,,,,1,2026-02-25 23:08:30,2026-02-25 23:08:31,EMP,3,"13,17,22,24,69,171,666",2026-02-25 23:08:31,,,,,0
750002,99.595.856/0001-99,Empresa Teste CRUD,Teste CRUD Atualizado,"Rua Teste, 123",São Paulo,SP,01234-567,(11) 3456-7890,teste@crud.com,,,,1,2026-02-25 23:08:47,2026-02-25 23:08:48,EMP,3,"13,17,22,24,69,171,666",2026-02-25 23:08:48,,,,,0
750003,99.014.221/0001-99,Empresa Teste CRUD,Teste CRUD Atualizado,"Rua Teste, 123",São Paulo,SP,01234-567,(11) 3456-7890,teste@crud.com,,,,1,2026-02-25 23:09:01,2026-02-25 23:09:01,EMP,3,"13,17,22,24,69,171,666",2026-02-25 23:09:01,,,,,0
750004,99.429.059/0001-99,Empresa Teste CRUD,Teste CRUD Atualizado,"Rua Teste, 123",São Paulo,SP,01234-567,(11) 3456-7890,teste@crud.com,,,,1,2026-02-25 23:09:14,2026-02-25 23:09:15,EMP,3,"13,17,22,24,69,171,666",2026-02-25 23:09:15,,,,,0
750005,99.999.108/0001-99,Empresa Teste CRUD,Teste CRUD Atualizado,"Rua Teste, 123",São Paulo,SP,01234-567,(11) 3456-7890,teste@crud.com,,,,1,2026-02-25 23:09:27,2026-02-25 23:09:27,EMP,3,"13,17,22,24,69,171,666",2026-02-25 23:09:27,,,,,0
750006,99.863.706/0001-99,Empresa Teste CRUD,Teste CRUD Atualizado,"Rua Teste, 123",São Paulo,SP,01234-567,(11) 3456-7890,teste@crud.com,,,,1,2026-02-25 23:09:41,2026-02-25 23:09:42,EMP,3,"13,17,22,24,69,171,666",2026-02-25 23:09:42,,,,,0
750007,99.508.545/0001-99,Empresa Teste CRUD,Teste CRUD Atualizado,"Rua Teste, 123",São Paulo,SP,01234-567,(11) 3456-7890,teste@crud.com,,,,1,2026-02-25 23:09:54,2026-02-25 23:09:55,EMP,3,"13,17,22,24,69,171,666",2026-02-25 23:09:55,,,,,0
750008,99.470.866/0001-99,Empresa Teste CRUD,Teste CRUD Atualizado,"Rua Teste, 123",São Paulo,SP,01234-567,(11) 3456-7890,teste@crud.com,,,,1,2026-02-25 23:10:08,2026-02-25 23:10:09,EMP,3,"13,17,22,24,69,171,666",2026-02-25 23:10:09,,,,,0
780001,99.082.590/0001-99,Empresa Teste CRUD,Teste CRUD Atualizado,"Rua Teste, 123",São Paulo,SP,01234-567,(11) 3456-7890,teste@crud.com,,,,1,2026-02-25 23:36:35,2026-02-25 23:36:36,EMP,3,"13,17,22,24,69,171,666",2026-02-25 23:36:36,,,,,0
810001,99.166.269/0001-99,Empresa Teste CRUD,Teste CRUD Atualizado,"Rua Teste, 123",São Paulo,SP,01234-567,(11) 3456-7890,teste@crud.com,,,,1,2026-02-26 00:24:33,2026-02-26 00:24:34,EMP,3,"13,17,22,24,69,171,666",2026-02-26 00:24:34,,,,,0
810002,99.003.311/0001-99,Empresa Teste CRUD,Teste CRUD Atualizado,"Rua Teste, 123",São Paulo,SP,01234-567,(11) 3456-7890,teste@crud.com,,,,1,2026-02-26 00:24:53,2026-02-26 00:24:53,EMP,3,"13,17,22,24,69,171,666",2026-02-26 00:24:53,,,,,0
810003,99.654.472/0001-99,Empresa Teste CRUD,Teste CRUD Atualizado,"Rua Teste, 123",São Paulo,SP,01234-567,(11) 3456-7890,teste@crud.com,,,,1,2026-02-26 00:25:07,2026-02-26 00:25:08,EMP,3,"13,17,22,24,69,171,666",2026-02-26 00:25:08,,,,,0
810004,99.021.676/0001-99,Empresa Teste CRUD,Teste CRUD Atualizado,"Rua Teste, 123",São Paulo,SP,01234-567,(11) 3456-7890,teste@crud.com,,,,1,2026-02-26 00:25:24,2026-02-26 00:25:25,EMP,3,"13,17,22,24,69,171,666",2026-02-26 00:25:25,,,,,0
840001,99.103.729/0001-99,Empresa Teste CRUD,Teste CRUD Atualizado,"Rua Teste, 123",São Paulo,SP,01234-567,(11) 3456-7890,teste@crud.com,,,,1,2026-02-26 02:35:15,2026-02-26 02:35:16,EMP,3,"13,17,22,24,69,171,666",2026-02-26 02:35:16,,,,,0
840002,99.938.682/0001-99,Empresa Teste CRUD,Teste CRUD Atualizado,"Rua Teste, 123",São Paulo,SP,01234-567,(11) 3456-7890,teste@crud.com,,,,1,2026-02-26 02:36:12,2026-02-26 02:36:12,EMP,3,"13,17,22,24,69,171,666",2026-02-26 02:36:12,,,,,0
840003,99.816.321/0001-99,Empresa Teste CRUD,Teste CRUD Atualizado,"Rua Teste, 123",São Paulo,SP,01234-567,(11) 3456-7890,teste@crud.com,,,,1,2026-02-26 02:53:54,2026-02-26 02:53:54,EMP,3,"13,17,22,24,69,171,666",2026-02-26 02:53:54,,,,,0
870001,99.606.070/0001-99,Empresa Teste CRUD,Teste CRUD Atualizado,"Rua Teste, 123",São Paulo,SP,01234-567,(11) 3456-7890,teste@crud.com,,,,1,2026-02-26 09:19:51,2026-02-26 09:19:52,EMP,3,"13,17,22,24,69,171,666",2026-02-26 09:19:52,,,,,0
870002,99.541.032/0001-99,Empresa Teste CRUD,Teste CRUD Atualizado,"Rua Teste, 123",São Paulo,SP,01234-567,(11) 3456-7890,teste@crud.com,,,,1,2026-02-26 09:19:56,2026-02-26 09:19:57,EMP,3,"13,17,22,24,69,171,666",2026-02-26 09:19:57,,,,,0
900001,99.869.443/0001-99,Empresa Teste CRUD,Teste CRUD Atualizado,"Rua Teste, 123",São Paulo,SP,01234-567,(11) 3456-7890,teste@crud.com,,,,1,2026-02-26 09:53:36,2026-02-26 09:53:37,EMP,3,"13,17,22,24,69,171,666",2026-02-26 09:53:37,,,,,0
900002,99.220.164/0001-99,Empresa Teste CRUD,Teste CRUD Atualizado,"Rua Teste, 123",São Paulo,SP,01234-567,(11) 3456-7890,teste@crud.com,,,,1,2026-02-26 09:54:15,2026-02-26 09:54:16,EMP,3,"13,17,22,24,69,171,666",2026-02-26 09:54:16,,,,,0
900003,99.970.165/0001-99,Empresa Teste CRUD,Teste CRUD Atualizado,"Rua Teste, 123",São Paulo,SP,01234-567,(11) 3456-7890,teste@crud.com,,,,1,2026-02-26 09:54:40,2026-02-26 09:54:40,EMP,3,"13,17,22,24,69,171,666",2026-02-26 09:54:40,,,,,0
900004,99.205.348/0001-99,Empresa Teste CRUD,Teste CRUD Atualizado,"Rua Teste, 123",São Paulo,SP,01234-567,(11) 3456-7890,teste@crud.com,,,,1,2026-02-26 09:54:55,2026-02-26 09:54:56,EMP,3,"13,17,22,24,69,171,666",2026-02-26 09:54:56,,,,,0
930001,99.517.305/0001-99,Empresa Teste CRUD,Teste CRUD Atualizado,"Rua Teste, 123",São Paulo,SP,01234-567,(11) 3456-7890,teste@crud.com,,,,1,2026-02-26 10:18:15,2026-02-26 10:18:16,EMP,3,"13,17,22,24,69,171,666",2026-02-26 10:18:16,,,,,0
960001,99.630.948/0001-99,Empresa Teste CRUD,Teste CRUD Atualizado,"Rua Teste, 123",São Paulo,SP,01234-567,(11) 3456-7890,teste@crud.com,,,,1,2026-02-26 11:55:42,2026-02-26 11:55:44,EMP,3,"13,17,22,24,69,171,666",2026-02-26 11:55:44,,,,,0
960002,99.914.066/0001-99,Empresa Teste CRUD,Teste CRUD Atualizado,"Rua Teste, 123",São Paulo,SP,01234-567,(11) 3456-7890,teste@crud.com,,,,1,2026-02-26 12:13:48,2026-02-26 12:13:48,EMP,3,"13,17,22,24,69,171,666",2026-02-26 12:13:48,,,,,0
960003,99.854.473/0001-99,Empresa Teste CRUD,Teste CRUD Atualizado,"Rua Teste, 123",São Paulo,SP,01234-567,(11) 3456-7890,teste@crud.com,,,,1,2026-02-26 12:52:32,2026-02-26 12:52:32,EMP,3,"13,17,22,24,69,171,666",2026-02-26 12:52:32,,,,,0
990001,99.823.877/0001-99,Empresa Teste CRUD,Teste CRUD Atualizado,"Rua Teste, 123",São Paulo,SP,01234-567,(11) 3456-7890,teste@crud.com,,,,1,2026-02-27 16:02:40,2026-02-27 16:02:41,EMP,3,"13,17,22,24,69,171,666",2026-02-27 16:02:41,,,,,0
990002,99.482.363/0001-99,Empresa Teste CRUD,Teste CRUD Atualizado,"Rua Teste, 123",São Paulo,SP,01234-567,(11) 3456-7890,teste@crud.com,,,,1,2026-02-27 16:02:59,2026-02-27 16:03:00,EMP,3,"13,17,22,24,69,171,666",2026-02-27 16:03:00,,,,,0
1020001,99.037.936/0001-99,Empresa Teste CRUD,Teste CRUD Atualizado,"Rua Teste, 123",São Paulo,SP,01234-567,(11) 3456-7890,teste@crud.com,,,,1,2026-02-27 18:06:00,2026-02-27 18:06:01,EMP,3,"13,17,22,24,69,171,666",2026-02-27 18:06:01,,,,,0
1020002,99.912.264/0001-99,Empresa Teste CRUD,Teste CRUD Atualizado,"Rua Teste, 123",São Paulo,SP,01234-567,(11) 3456-7890,teste@crud.com,,,,1,2026-02-27 18:06:32,2026-02-27 18:06:32,EMP,3,"13,17,22,24,69,171,666",2026-02-27 18:06:32,,,,,0
1020003,99.528.314/0001-99,Empresa Teste CRUD,Teste CRUD Atualizado,"Rua Teste, 123",São Paulo,SP,01234-567,(11) 3456-7890,teste@crud.com,,,,1,2026-02-27 18:25:09,2026-02-27 18:25:10,EMP,3,"13,17,22,24,69,171,666",2026-02-27 18:25:10,,,,,0
1020004,99.808.932/0001-99,Empresa Teste CRUD,Teste CRUD Atualizado,"Rua Teste, 123",São Paulo,SP,01234-567,(11) 3456-7890,teste@crud.com,,,,1,2026-02-27 18:30:04,2026-02-27 18:30:05,EMP,3,"13,17,22,24,69,171,666",2026-02-27 18:30:05,,,,,0
1020005,99.909.070/0001-99,Empresa Teste CRUD,Teste CRUD Atualizado,"Rua Teste, 123",São Paulo,SP,01234-567,(11) 3456-7890,teste@crud.com,,,,1,2026-02-27 18:37:04,2026-02-27 18:37:05,EMP,3,"13,17,22,24,69,171,666",2026-02-27 18:37:05,,,,,0
1020006,99.652.429/0001-99,Empresa Teste CRUD,Teste CRUD Atualizado,"Rua Teste, 123",São Paulo,SP,01234-567,(11) 3456-7890,teste@crud.com,,,,1,2026-02-27 18:52:02,2026-02-27 18:52:03,EMP,3,"13,17,22,24,69,171,666",2026-02-27 18:52:03,,,,,0
1020007,99.996.111/0001-99,Empresa Teste CRUD,Teste CRUD Atualizado,"Rua Teste, 123",São Paulo,SP,01234-567,(11) 3456-7890,teste@crud.com,,,,1,2026-02-27 19:01:06,2026-02-27 19:01:06,EMP,3,"13,17,22,24,69,171,666",2026-02-27 19:01:06,,,,,0
1050001,99.985.726/0001-99,Empresa Teste CRUD,Teste CRUD Atualizado,"Rua Teste, 123",São Paulo,SP,01234-567,(11) 3456-7890,teste@crud.com,,,,1,2026-02-28 08:45:01,2026-02-28 08:45:02,EMP,3,"13,17,22,24,69,171,666",2026-02-28 08:45:02,,,,,0
1050002,99.957.546/0001-99,Empresa Teste CRUD,Teste CRUD Atualizado,"Rua Teste, 123",São Paulo,SP,01234-567,(11) 3456-7890,teste@crud.com,,,,1,2026-02-28 08:45:48,2026-02-28 08:45:48,EMP,3,"13,17,22,24,69,171,666",2026-02-28 08:45:48,,,,,0
1050003,99.138.708/0001-99,Empresa Teste CRUD,Teste CRUD Atualizado,"Rua Teste, 123",São Paulo,SP,01234-567,(11) 3456-7890,teste@crud.com,,,,1,2026-02-28 08:46:22,2026-02-28 08:46:23,EMP,3,"13,17,22,24,69,171,666",2026-02-28 08:46:23,,,,,0
1050004,99.078.989/0001-99,Empresa Teste CRUD,Teste CRUD Atualizado,"Rua Teste, 123",São Paulo,SP,01234-567,(11) 3456-7890,teste@crud.com,,,,1,2026-02-28 08:47:19,2026-02-28 08:47:19,EMP,3,"13,17,22,24,69,171,666",2026-02-28 08:47:19,,,,,0
1050005,99.553.445/0001-99,Empresa Teste CRUD,Teste CRUD Atualizado,"Rua Teste, 123",São Paulo,SP,01234-567,(11) 3456-7890,teste@crud.com,,,,1,2026-02-28 08:47:53,2026-02-28 08:47:54,EMP,3,"13,17,22,24,69,171,666",2026-02-28 08:47:54,,,,,0
1050006,99.297.317/0001-99,Empresa Teste CRUD,Teste CRUD Atualizado,"Rua Teste, 123",São Paulo,SP,01234-567,(11) 3456-7890,teste@crud.com,,,,1,2026-02-28 08:48:12,2026-02-28 08:48:13,EMP,3,"13,17,22,24,69,171,666",2026-02-28 08:48:13,,,,,0
1050007,99.222.941/0001-99,Empresa Teste CRUD,Teste CRUD Atualizado,"Rua Teste, 123",São Paulo,SP,01234-567,(11) 3456-7890,teste@crud.com,,,,1,2026-02-28 08:49:24,2026-02-28 08:49:25,EMP,3,"13,17,22,24,69,171,666",2026-02-28 08:49:25,,,,,0
1050008,99.315.273/0001-99,Empresa Teste CRUD,Teste CRUD Atualizado,"Rua Teste, 123",São Paulo,SP,01234-567,(11) 3456-7890,teste@crud.com,,,,1,2026-02-28 08:50:00,2026-02-28 08:50:01,EMP,3,"13,17,22,24,69,171,666",2026-02-28 08:50:01,,,,,0
1050009,99.007.276/0001-99,Empresa Teste CRUD,Teste CRUD Atualizado,"Rua Teste, 123",São Paulo,SP,01234-567,(11) 3456-7890,teste@crud.com,,,,1,2026-02-28 10:29:17,2026-02-28 10:29:17,EMP,3,"13,17,22,24,69,171,666",2026-02-28 10:29:17,,,,,0
1050010,99.417.688/0001-99,Empresa Teste CRUD,Teste CRUD Atualizado,"Rua Teste, 123",São Paulo,SP,01234-567,(11) 3456-7890,teste@crud.com,,,,1,2026-02-28 10:50:55,2026-02-28 10:50:56,EMP,3,"13,17,22,24,69,171,666",2026-02-28 10:50:56,,,,,0
1080001,99.116.656/0001-99,Empresa Teste CRUD,Teste CRUD Atualizado,"Rua Teste, 123",São Paulo,SP,01234-567,(11) 3456-7890,teste@crud.com,,,,1,2026-02-28 11:23:01,2026-02-28 11:23:02,EMP,3,"13,17,22,24,69,171,666",2026-02-28 11:23:02,,,,,0
1080002,99.214.510/0001-99,Empresa Teste CRUD,Teste CRUD Atualizado,"Rua Teste, 123",São Paulo,SP,01234-567,(11) 3456-7890,teste@crud.com,,,,1,2026-02-28 11:48:21,2026-02-28 11:48:22,EMP,3,"13,17,22,24,69,171,666",2026-02-28 11:48:22,,,,,0
1080003,99.840.842/0001-99,Empresa Teste CRUD,Teste CRUD Atualizado,"Rua Teste, 123",São Paulo,SP,01234-567,(11) 3456-7890,teste@crud.com,,,,1,2026-02-28 11:49:44,2026-02-28 11:49:44,EMP,3,"13,17,22,24,69,171,666",2026-02-28 11:49:44,,,,,0
1080004,99.594.333/0001-99,Empresa Teste CRUD,Teste CRUD Atualizado,"Rua Teste, 123",São Paulo,SP,01234-567,(11) 3456-7890,teste@crud.com,,,,1,2026-02-28 11:58:46,2026-02-28 11:58:47,EMP,3,"13,17,22,24,69,171,666",2026-02-28 11:58:47,,,,,0
1080005,99.698.880/0001-99,Empresa Teste CRUD,Teste CRUD Atualizado,"Rua Teste, 123",São Paulo,SP,01234-567,(11) 3456-7890,teste@crud.com,,,,1,2026-02-28 13:33:57,2026-02-28 13:33:58,EMP,3,"13,17,22,24,69,171,666",2026-02-28 13:33:58,,,,,0
1080006,99.675.834/0001-99,Empresa Teste CRUD,Teste CRUD Atualizado,"Rua Teste, 123",São Paulo,SP,01234-567,(11) 3456-7890,teste@crud.com,,,,1,2026-02-28 13:46:24,2026-02-28 13:46:25,EMP,3,"13,17,22,24,69,171,666",2026-02-28 13:46:25,,,,,0
1080007,99.158.362/0001-99,Empresa Teste CRUD,Teste CRUD Atualizado,"Rua Teste, 123",São Paulo,SP,01234-567,(11) 3456-7890,teste@crud.com,,,,1,2026-02-28 13:55:30,2026-02-28 13:55:30,EMP,3,"13,17,22,24,69,171,666",2026-02-28 13:55:30,,,,,0
1080008,99.628.445/0001-99,Empresa Teste CRUD,Teste CRUD Atualizado,"Rua Teste, 123",São Paulo,SP,01234-567,(11) 3456-7890,teste@crud.com,,,,1,2026-02-28 14:31:23,2026-02-28 14:31:24,EMP,3,"13,17,22,24,69,171,666",2026-02-28 14:31:24,,,,,0
1080009,99.817.524/0001-99,Empresa Teste CRUD,Teste CRUD Atualizado,"Rua Teste, 123",São Paulo,SP,01234-567,(11) 3456-7890,teste@crud.com,,,,1,2026-02-28 14:34:26,2026-02-28 14:34:27,EMP,3,"13,17,22,24,69,171,666",2026-02-28 14:34:27,,,,,0
1080010,99.237.377/0001-99,Empresa Teste CRUD,Teste CRUD Atualizado,"Rua Teste, 123",São Paulo,SP,01234-567,(11) 3456-7890,teste@crud.com,,,,1,2026-02-28 14:45:55,2026-02-28 14:45:56,EMP,3,"13,17,22,24,69,171,666",2026-02-28 14:45:56,,,,,0
1080011,99.267.845/0001-99,Empresa Teste CRUD,Teste CRUD Atualizado,"Rua Teste, 123",São Paulo,SP,01234-567,(11) 3456-7890,teste@crud.com,,,,1,2026-02-28 15:03:22,2026-02-28 15:03:23,EMP,3,"13,17,22,24,69,171,666",2026-02-28 15:03:23,,,,,0
1080012,99.835.254/0001-99,Empresa Teste CRUD,Teste CRUD Atualizado,"Rua Teste, 123",São Paulo,SP,01234-567,(11) 3456-7890,teste@crud.com,,,,1,2026-02-28 15:09:32,2026-02-28 15:09:34,EMP,3,"13,17,22,24,69,171,666",2026-02-28 15:09:34,,,,,0
1080013,99.328.425/0001-99,Empresa Teste CRUD,Teste CRUD Atualizado,"Rua Teste, 123",São Paulo,SP,01234-567,(11) 3456-7890,teste@crud.com,,,,1,2026-02-28 15:31:25,2026-02-28 15:31:26,EMP,3,"13,17,22,24,69,171,666",2026-02-28 15:31:26,,,,,0
1080014,99.765.627/0001-99,Empresa Teste CRUD,Teste CRUD Atualizado,"Rua Teste, 123",São Paulo,SP,01234-567,(11) 3456-7890,teste@crud.com,,,,1,2026-02-28 15:34:01,2026-02-28 15:34:02,EMP,3,"13,17,22,24,69,171,666",2026-02-28 15:34:02,,,,,0
1080015,99.159.263/0001-99,Empresa Teste CRUD,Teste CRUD Atualizado,"Rua Teste, 123",São Paulo,SP,01234-567,(11) 3456-7890,teste@crud.com,,,,1,2026-02-28 15:34:32,2026-02-28 15:34:32,EMP,3,"13,17,22,24,69,171,666",2026-02-28 15:34:32,,,,,0
1080016,99.869.865/0001-99,Empresa Teste CRUD,Teste CRUD Atualizado,"Rua Teste, 123",São Paulo,SP,01234-567,(11) 3456-7890,teste@crud.com,,,,1,2026-02-28 15:48:35,2026-02-28 15:48:39,EMP,3,"13,17,22,24,69,171,666",2026-02-28 15:48:39,,,,,0
1080017,99.860.701/0001-99,Empresa Teste CRUD,Teste CRUD Atualizado,"Rua Teste, 123",São Paulo,SP,01234-567,(11) 3456-7890,teste@crud.com,,,,1,2026-02-28 16:12:49,2026-02-28 16:12:50,EMP,3,"13,17,22,24,69,171,666",2026-02-28 16:12:50,,,,,0
1080018,99.732.075/0001-99,Empresa Teste CRUD,Teste CRUD Atualizado,"Rua Teste, 123",São Paulo,SP,01234-567,(11) 3456-7890,teste@crud.com,,,,1,2026-02-28 16:20:25,2026-02-28 16:20:29,EMP,3,"13,17,22,24,69,171,666",2026-02-28 16:20:29,,,,,0
1080019,99.400.543/0001-99,Empresa Teste CRUD,Teste CRUD Atualizado,"Rua Teste, 123",São Paulo,SP,01234-567,(11) 3456-7890,teste@crud.com,,,,1,2026-02-28 16:32:02,2026-02-28 16:32:03,EMP,3,"13,17,22,24,69,171,666",2026-02-28 16:32:03,,,,,0
1080020,99.923.893/0001-99,Empresa Teste CRUD,Teste CRUD Atualizado,"Rua Teste, 123",São Paulo,SP,01234-567,(11) 3456-7890,teste@crud.com,,,,1,2026-02-28 16:33:45,2026-02-28 16:33:45,EMP,3,"13,17,22,24,69,171,666",2026-02-28 16:33:45,,,,,0
1080021,99.500.857/0001-99,Empresa Teste CRUD,Teste CRUD Atualizado,"Rua Teste, 123",São Paulo,SP,01234-567,(11) 3456-7890,teste@crud.com,,,,1,2026-02-28 16:38:04,2026-02-28 16:38:05,EMP,3,"13,17,22,24,69,171,666",2026-02-28 16:38:05,,,,,0
1080022,99.105.588/0001-99,Empresa Teste CRUD,Teste CRUD Atualizado,"Rua Teste, 123",São Paulo,SP,01234-567,(11) 3456-7890,teste@crud.com,,,,1,2026-02-28 16:42:58,2026-02-28 16:42:58,EMP,3,"13,17,22,24,69,171,666",2026-02-28 16:42:58,,,,,0
1080023,99.238.816/0001-99,Empresa Teste CRUD,Teste CRUD Atualizado,"Rua Teste, 123",São Paulo,SP,01234-567,(11) 3456-7890,teste@crud.com,,,,1,2026-02-28 16:52:37,2026-02-28 16:52:38,EMP,3,"13,17,22,24,69,171,666",2026-02-28 16:52:38,,,,,0
1080024,99.302.608/0001-99,Empresa Teste CRUD,Teste CRUD Atualizado,"Rua Teste, 123",São Paulo,SP,01234-567,(11) 3456-7890,teste@crud.com,,,,1,2026-02-28 16:58:49,2026-02-28 16:58:50,EMP,3,"13,17,22,24,69,171,666",2026-02-28 16:58:50,,,,,0
1080025,99.953.012/0001-99,Empresa Teste CRUD,Teste CRUD Atualizado,"Rua Teste, 123",São Paulo,SP,01234-567,(11) 3456-7890,teste@crud.com,,,,1,2026-02-28 17:11:59,2026-02-28 17:11:59,EMP,3,"13,17,22,24,69,171,666",2026-02-28 17:11:59,,,,,0
1080026,99.789.305/0001-99,Empresa Teste CRUD,Teste CRUD Atualizado,"Rua Teste, 123",São Paulo,SP,01234-567,(11) 3456-7890,teste@crud.com,,,,1,2026-02-28 17:23:48,2026-02-28 17:23:49,EMP,3,"13,17,22,24,69,171,666",2026-02-28 17:23:49,,,,,0
1080027,99.397.025/0001-99,Empresa Teste CRUD,Teste CRUD Atualizado,"Rua Teste, 123",São Paulo,SP,01234-567,(11) 3456-7890,teste@crud.com,,,,1,2026-02-28 17:36:32,2026-02-28 17:36:33,EMP,3,"13,17,22,24,69,171,666",2026-02-28 17:36:33,,,,,0
1080028,99.635.049/0001-99,Empresa Teste CRUD,Teste CRUD Atualizado,"Rua Teste, 123",São Paulo,SP,01234-567,(11) 3456-7890,teste@crud.com,,,,1,2026-02-28 17:43:48,2026-02-28 17:43:50,EMP,3,"13,17,22,24,69,171,666",2026-02-28 17:43:50,,,,,0
1080029,99.405.370/0001-99,Empresa Teste CRUD,Teste CRUD Atualizado,"Rua Teste, 123",São Paulo,SP,01234-567,(11) 3456-7890,teste@crud.com,,,,1,2026-02-28 17:52:20,2026-02-28 17:52:21,EMP,3,"13,17,22,24,69,171,666",2026-02-28 17:52:21,,,,,0
1080030,99.601.166/0001-99,Empresa Teste CRUD,Teste CRUD Atualizado,"Rua Teste, 123",São Paulo,SP,01234-567,(11) 3456-7890,teste@crud.com,,,,1,2026-02-28 18:13:23,2026-02-28 18:13:24,EMP,3,"13,17,22,24,69,171,666",2026-02-28 18:13:24,,,,,0
1080031,99.902.161/0001-99,Empresa Teste CRUD,Teste CRUD Atualizado,"Rua Teste, 123",São Paulo,SP,01234-567,(11) 3456-7890,teste@crud.com,,,,1,2026-02-28 18:46:28,2026-02-28 18:46:28,EMP,3,"13,17,22,24,69,171,666",2026-02-28 18:46:28,,,,,0
1080032,99.632.894/0001-99,Empresa Teste CRUD,Teste CRUD Atualizado,"Rua Teste, 123",São Paulo,SP,01234-567,(11) 3456-7890,teste@crud.com,,,,1,2026-02-28 18:53:11,2026-02-28 18:53:13,EMP,3,"13,17,22,24,69,171,666",2026-02-28 18:53:13,,,,,0
1080033,99.842.209/0001-99,Empresa Teste CRUD,Teste CRUD Atualizado,"Rua Teste, 123",São Paulo,SP,01234-567,(11) 3456-7890,teste@crud.com,,,,1,2026-02-28 18:54:37,2026-02-28 18:54:37,EMP,3,"13,17,22,24,69,171,666",2026-02-28 18:54:37,,,,,0
1080034,99.978.146/0001-99,Empresa Teste CRUD,Teste CRUD Atualizado,"Rua Teste, 123",São Paulo,SP,01234-567,(11) 3456-7890,teste@crud.com,,,,1,2026-02-28 20:05:24,2026-02-28 20:05:24,EMP,3,"13,17,22,24,69,171,666",2026-02-28 20:05:24,,,,,0
1080035,99.962.250/0001-99,Empresa Teste CRUD,Teste CRUD Atualizado,"Rua Teste, 123",São Paulo,SP,01234-567,(11) 3456-7890,teste@crud.com,,,,1,2026-02-28 20:05:56,2026-02-28 20:05:56,EMP,3,"13,17,22,24,69,171,666",2026-02-28 20:05:56,,,,,0
1080036,99.246.633/0001-99,Empresa Teste CRUD,Teste CRUD Atualizado,"Rua Teste, 123",São Paulo,SP,01234-567,(11) 3456-7890,teste@crud.com,,,,1,2026-02-28 20:45:01,2026-02-28 20:45:02,EMP,3,"13,17,22,24,69,171,666",2026-02-28 20:45:02,,,,,0
1080037,99.258.206/0001-99,Empresa Teste CRUD,Teste CRUD Atualizado,"Rua Teste, 123",São Paulo,SP,01234-567,(11) 3456-7890,teste@crud.com,,,,1,2026-02-28 21:02:49,2026-02-28 21:02:50,EMP,3,"13,17,22,24,69,171,666",2026-02-28 21:02:50,,,,,0
1080038,99.694.641/0001-99,Empresa Teste CRUD,Teste CRUD Atualizado,"Rua Teste, 123",São Paulo,SP,01234-567,(11) 3456-7890,teste@crud.com,,,,1,2026-02-28 21:26:11,2026-02-28 21:26:12,EMP,3,"13,17,22,24,69,171,666",2026-02-28 21:26:12,,,,,0
1080039,99.357.916/0001-99,Empresa Teste CRUD,Teste CRUD Atualizado,"Rua Teste, 123",São Paulo,SP,01234-567,(11) 3456-7890,teste@crud.com,,,,1,2026-02-28 21:42:43,2026-02-28 21:42:44,EMP,3,"13,17,22,24,69,171,666",2026-02-28 21:42:44,,,,,0
1080040,99.312.567/0001-99,Empresa Teste CRUD,Teste CRUD Atualizado,"Rua Teste, 123",São Paulo,SP,01234-567,(11) 3456-7890,teste@crud.com,,,,1,2026-02-28 22:14:52,2026-02-28 22:14:53,EMP,3,"13,17,22,24,69,171,666",2026-02-28 22:14:53,,,,,0
1080041,99.024.747/0001-99,Empresa Teste CRUD,Teste CRUD Atualizado,"Rua Teste, 123",São Paulo,SP,01234-567,(11) 3456-7890,teste@crud.com,,,,1,2026-02-28 22:42:14,2026-02-28 22:42:14,EMP,3,"13,17,22,24,69,171,666",2026-02-28 22:42:14,,,,,0
1080042,99.886.127/0001-99,Empresa Teste CRUD,Teste CRUD Atualizado,"Rua Teste, 123",São Paulo,SP,01234-567,(11) 3456-7890,teste@crud.com,,,,1,2026-03-01 00:29:00,2026-03-01 00:29:04,EMP,3,"13,17,22,24,69,171,666",2026-03-01 00:29:04,,,,,0
1080043,99.461.250/0001-99,Empresa Teste CRUD,Teste CRUD Atualizado,"Rua Teste, 123",São Paulo,SP,01234-567,(11) 3456-7890,teste@crud.com,,,,1,2026-03-01 00:29:14,2026-03-01 00:29:18,EMP,3,"13,17,22,24,69,171,666",2026-03-01 00:29:18,,,,,0
1080044,99.542.612/0001-99,Empresa Teste CRUD,Teste CRUD Atualizado,"Rua Teste, 123",São Paulo,SP,01234-567,(11) 3456-7890,teste@crud.com,,,,1,2026-03-01 00:30:12,2026-03-01 00:30:16,EMP,3,"13,17,22,24,69,171,666",2026-03-01 00:30:16,,,,,0
1080045,99.359.154/0001-99,Empresa Teste CRUD,Teste CRUD Atualizado,"Rua Teste, 123",São Paulo,SP,01234-567,(11) 3456-7890,teste@crud.com,,,,1,2026-03-01 00:30:25,2026-03-01 00:30:29,EMP,3,"13,17,22,24,69,171,666",2026-03-01 00:30:29,,,,,0
1080046,99.351.741/0001-99,Empresa Teste CRUD,Teste CRUD Atualizado,"Rua Teste, 123",São Paulo,SP,01234-567,(11) 3456-7890,teste@crud.com,,,,1,2026-03-01 00:30:49,2026-03-01 00:30:53,EMP,3,"13,17,22,24,69,171,666",2026-03-01 00:30:53,,,,,0
1080047,99.009.502/0001-99,Empresa Teste CRUD,Teste CRUD Atualizado,"Rua Teste, 123",São Paulo,SP,01234-567,(11) 3456-7890,teste@crud.com,,,,1,2026-03-01 00:38:19,2026-03-01 00:38:23,EMP,3,"13,17,22,24,69,171,666",2026-03-01 00:38:23,,,,,0
1080048,99.116.235/0001-99,Empresa Teste CRUD,Teste CRUD Atualizado,"Rua Teste, 123",São Paulo,SP,01234-567,(11) 3456-7890,teste@crud.com,,,,1,2026-03-01 00:50:25,2026-03-01 00:50:29,EMP,3,"13,17,22,24,69,171,666",2026-03-01 00:50:29,,,,,0
1080049,99.335.394/0001-99,Empresa Teste CRUD,Teste CRUD Atualizado,"Rua Teste, 123",São Paulo,SP,01234-567,(11) 3456-7890,teste@crud.com,,,,1,2026-03-01 00:54:49,2026-03-01 00:54:53,EMP,3,"13,17,22,24,69,171,666",2026-03-01 00:54:53,,,,,0
1080050,99.674.903/0001-99,Empresa Teste CRUD,Teste CRUD Atualizado,"Rua Teste, 123",São Paulo,SP,01234-567,(11) 3456-7890,teste@crud.com,,,,1,2026-03-01 00:55:09,2026-03-01 00:55:13,EMP,3,"13,17,22,24,69,171,666",2026-03-01 00:55:13,,,,,0
1080051,99.706.935/0001-99,Empresa Teste CRUD,Teste CRUD Atualizado,"Rua Teste, 123",São Paulo,SP,01234-567,(11) 3456-7890,teste@crud.com,,,,1,2026-03-01 00:55:50,2026-03-01 00:55:54,EMP,3,"13,17,22,24,69,171,666",2026-03-01 00:55:54,,,,,0
1080052,99.705.526/0001-99,Empresa Teste CRUD,Teste CRUD Atualizado,"Rua Teste, 123",São Paulo,SP,01234-567,(11) 3456-7890,teste@crud.com,,,,1,2026-03-01 01:02:46,2026-03-01 01:02:50,EMP,3,"13,17,22,24,69,171,666",2026-03-01 01:02:50,,,,,0
1080053,99.495.494/0001-99,Empresa Teste CRUD,Teste CRUD Atualizado,"Rua Teste, 123",São Paulo,SP,01234-567,(11) 3456-7890,teste@crud.com,,,,1,2026-03-01 01:03:58,2026-03-01 01:04:03,EMP,3,"13,17,22,24,69,171,666",2026-03-01 01:04:03,,,,,0
1080054,99.595.892/0001-99,Empresa Teste CRUD,Teste CRUD Atualizado,"Rua Teste, 123",São Paulo,SP,01234-567,(11) 3456-7890,teste@crud.com,,,,1,2026-03-01 01:12:35,2026-03-01 01:12:39,EMP,3,"13,17,22,24,69,171,666",2026-03-01 01:12:39,,,,,0
1080055,99.023.746/0001-99,Empresa Teste CRUD,Teste CRUD Atualizado,"Rua Teste, 123",São Paulo,SP,01234-567,(11) 3456-7890,teste@crud.com,,,,1,2026-03-01 01:25:00,2026-03-01 01:25:04,EMP,3,"13,17,22,24,69,171,666",2026-03-01 01:25:04,,,,,0
1080056,99.504.600/0001-99,Empresa Teste CRUD,Teste CRUD Atualizado,"Rua Teste, 123",São Paulo,SP,01234-567,(11) 3456-7890,teste@crud.com,,,,1,2026-03-01 01:33:10,2026-03-01 01:33:14,EMP,3,"13,17,22,24,69,171,666",2026-03-01 01:33:14,,,,,0
1110001,99.213.393/0001-99,Empresa Teste CRUD,Teste CRUD Atualizado,"Rua Teste, 123",São Paulo,SP,01234-567,(11) 3456-7890,teste@crud.com,,,,1,2026-03-01 12:04:57,2026-03-01 12:05:01,EMP,3,"13,17,22,24,69,171,666",2026-03-01 12:05:01,,,,,0
1110002,99.709.997/0001-99,Empresa Teste CRUD,Teste CRUD Atualizado,"Rua Teste, 123",São Paulo,SP,01234-567,(11) 3456-7890,teste@crud.com,,,,1,2026-03-01 12:34:02,2026-03-01 12:34:05,EMP,3,"13,17,22,24,69,171,666",2026-03-01 12:34:05,,,,,0
1110003,99.340.012/0001-99,Empresa Teste CRUD,Teste CRUD Atualizado,"Rua Teste, 123",São Paulo,SP,01234-567,(11) 3456-7890,teste@crud.com,,,,1,2026-03-01 13:02:01,2026-03-01 13:03:56,EMP,3,"13,17,22,24,69,171,666",2026-03-01 13:03:56,,,,,0
1110004,99.726.929/0001-99,Empresa Teste CRUD,Teste CRUD Atualizado,"Rua Teste, 123",São Paulo,SP,01234-567,(11) 3456-7890,teste@crud.com,,,,1,2026-03-01 13:06:22,2026-03-01 20:31:19,EMP,3,"13,17,22,24,69,171,666",2026-03-01 20:31:19,Felipe Costa Alves,601043,,,0
1140001,99.542.449/0001-99,Empresa Teste CRUD,Teste CRUD Atualizado,"Rua Teste, 123",São Paulo,SP,01234-567,(11) 3456-7890,teste@crud.com,,,,1,2026-03-02 11:21:13,2026-03-02 11:21:17,EMP,3,"13,17,22,24,69,171,666",2026-03-02 11:21:17,,,,,0
1140002,99.936.043/0001-99,Empresa Teste CRUD,Teste CRUD Atualizado,"Rua Teste, 123",São Paulo,SP,01234-567,(11) 3456-7890,teste@crud.com,,,,1,2026-03-02 11:21:38,2026-03-02 11:21:42,EMP,3,"13,17,22,24,69,171,666",2026-03-02 11:21:42,,,,,0
1140003,99.481.211/0001-99,Empresa Teste CRUD,Teste CRUD Atualizado,"Rua Teste, 123",São Paulo,SP,01234-567,(11) 3456-7890,teste@crud.com,,,,1,2026-03-02 11:22:05,2026-03-02 11:22:09,EMP,3,"13,17,22,24,69,171,666",2026-03-02 11:22:09,,,,,0
1140004,99.409.914/0001-99,Empresa Teste CRUD,Teste CRUD Atualizado,"Rua Teste, 123",São Paulo,SP,01234-567,(11) 3456-7890,teste@crud.com,,,,1,2026-03-02 11:22:56,2026-03-02 11:23:00,EMP,3,"13,17,22,24,69,171,666",2026-03-02 11:23:00,,,,,0
1140005,99.996.018/0001-99,Empresa Teste CRUD,Teste CRUD Atualizado,"Rua Teste, 123",São Paulo,SP,01234-567,(11) 3456-7890,teste@crud.com,,,,1,2026-03-02 11:23:27,2026-03-02 11:23:48,EMP,3,"13,17,22,24,69,171,666",2026-03-02 11:23:48,,,,,0
1140006,99.722.122/0001-99,Empresa Teste CRUD,Teste CRUD Atualizado,"Rua Teste, 123",São Paulo,SP,01234-567,(11) 3456-7890,teste@crud.com,,,,1,2026-03-02 11:24:08,2026-03-02 11:24:16,EMP,3,"13,17,22,24,69,171,666",2026-03-02 11:24:16,,,,,0
1140007,99.280.190/0001-99,Empresa Teste CRUD,Teste CRUD Atualizado,"Rua Teste, 123",São Paulo,SP,01234-567,(11) 3456-7890,teste@crud.com,,,,1,2026-03-02 12:06:01,2026-03-02 12:06:05,EMP,3,"13,17,22,24,69,171,666",2026-03-02 12:06:05,,,,,0
1140008,99.035.064/0001-99,Empresa Teste CRUD,Teste CRUD Atualizado,"Rua Teste, 123",São Paulo,SP,01234-567,(11) 3456-7890,teste@crud.com,,,,1,2026-03-02 12:12:17,2026-03-02 12:12:23,EMP,3,"13,17,22,24,69,171,666",2026-03-02 12:12:23,,,,,0
1140009,99.704.932/0001-99,Empresa Teste CRUD,Teste CRUD Atualizado,"Rua Teste, 123",São Paulo,SP,01234-567,(11) 3456-7890,teste@crud.com,,,,1,2026-03-02 12:19:53,2026-03-02 12:19:57,EMP,3,"13,17,22,24,69,171,666",2026-03-02 12:19:57,,,,,0
1140010,99.298.728/0001-99,Empresa Teste CRUD,Teste CRUD Atualizado,"Rua Teste, 123",São Paulo,SP,01234-567,(11) 3456-7890,teste@crud.com,,,,1,2026-03-02 12:26:32,2026-03-02 12:26:36,EMP,3,"13,17,22,24,69,171,666",2026-03-02 12:26:36,,,,,0
1140011,99.400.824/0001-99,Empresa Teste CRUD,Teste CRUD Atualizado,"Rua Teste, 123",São Paulo,SP,01234-567,(11) 3456-7890,teste@crud.com,,,,1,2026-03-02 12:27:04,2026-03-02 12:27:08,EMP,3,"13,17,22,24,69,171,666",2026-03-02 12:27:08,,,,,0
1140012,99.762.340/0001-99,Empresa Teste CRUD,Teste CRUD Atualizado,"Rua Teste, 123",São Paulo,SP,01234-567,(11) 3456-7890,teste@crud.com,,,,1,2026-03-02 12:27:24,2026-03-02 12:27:28,EMP,3,"13,17,22,24,69,171,666",2026-03-02 12:27:28,,,,,0
1140013,99.532.309/0001-99,Empresa Teste CRUD,Teste CRUD Atualizado,"Rua Teste, 123",São Paulo,SP,01234-567,(11) 3456-7890,teste@crud.com,,,,1,2026-03-02 12:27:43,2026-03-02 12:27:47,EMP,3,"13,17,22,24,69,171,666",2026-03-02 12:27:47,,,,,0
1140014,99.736.188/0001-99,Empresa Teste CRUD,Teste CRUD Atualizado,"Rua Teste, 123",São Paulo,SP,01234-567,(11) 3456-7890,teste@crud.com,,,,1,2026-03-02 12:28:03,2026-03-02 12:28:07,EMP,3,"13,17,22,24,69,171,666",2026-03-02 12:28:07,,,,,0
1140015,99.077.118/0001-99,Empresa Teste CRUD,Teste CRUD Atualizado,"Rua Teste, 123",São Paulo,SP,01234-567,(11) 3456-7890,teste@crud.com,,,,1,2026-03-02 12:28:22,2026-03-02 12:28:26,EMP,3,"13,17,22,24,69,171,666",2026-03-02 12:28:26,,,,,0
1140016,99.523.606/0001-99,Empresa Teste CRUD,Teste CRUD Atualizado,"Rua Teste, 123",São Paulo,SP,01234-567,(11) 3456-7890,teste@crud.com,,,,1,2026-03-02 12:28:40,2026-03-02 12:28:44,EMP,3,"13,17,22,24,69,171,666",2026-03-02 12:28:44,,,,,0
1140017,99.415.899/0001-99,Empresa Teste CRUD,Teste CRUD Atualizado,"Rua Teste, 123",São Paulo,SP,01234-567,(11) 3456-7890,teste@crud.com,,,,1,2026-03-02 12:40:07,2026-03-02 12:40:12,EMP,3,"13,17,22,24,69,171,666",2026-03-02 12:40:12,,,,,0
1140018,99.554.115/0001-99,Empresa Teste CRUD,Teste CRUD Atualizado,"Rua Teste, 123",São Paulo,SP,01234-567,(11) 3456-7890,teste@crud.com,,,,1,2026-03-02 12:45:13,2026-03-02 12:45:18,EMP,3,"13,17,22,24,69,171,666",2026-03-02 12:45:18,,,,,0
1140019,99.861.695/0001-99,Empresa Teste CRUD,Teste CRUD Atualizado,"Rua Teste, 123",São Paulo,SP,01234-567,(11) 3456-7890,teste@crud.com,,,,1,2026-03-02 13:01:23,2026-03-02 13:01:27,EMP,3,"13,17,22,24,69,171,666",2026-03-02 13:01:27,,,,,0
1140020,99.388.019/0001-99,Empresa Teste CRUD,Teste CRUD Atualizado,"Rua Teste, 123",São Paulo,SP,01234-567,(11) 3456-7890,teste@crud.com,,,,1,2026-03-02 13:07:24,2026-03-02 13:07:31,EMP,3,"13,17,22,24,69,171,666",2026-03-02 13:07:31,,,,,0
1140021,99.656.624/0001-99,Empresa Teste CRUD,Teste CRUD Atualizado,"Rua Teste, 123",São Paulo,SP,01234-567,(11) 3456-7890,teste@crud.com,,,,1,2026-03-02 13:10:08,2026-03-02 13:10:11,EMP,3,"13,17,22,24,69,171,666",2026-03-02 13:10:11,,,,,0
1140022,99.031.908/0001-99,Empresa Teste CRUD,Teste CRUD Atualizado,"Rua Teste, 123",São Paulo,SP,01234-567,(11) 3456-7890,teste@crud.com,,,,1,2026-03-02 13:10:30,2026-03-02 13:10:34,EMP,3,"13,17,22,24,69,171,666",2026-03-02 13:10:34,,,,,0
1140023,99.738.648/0001-99,Empresa Teste CRUD,Teste CRUD Atualizado,"Rua Teste, 123",São Paulo,SP,01234-567,(11) 3456-7890,teste@crud.com,,,,1,2026-03-02 13:10:54,2026-03-02 13:10:57,EMP,3,"13,17,22,24,69,171,666",2026-03-02 13:10:57,,,,,0
1170001,99.789.895/0001-99,Empresa Teste CRUD,Teste CRUD Atualizado,"Rua Teste, 123",São Paulo,SP,01234-567,(11) 3456-7890,teste@crud.com,,,,1,2026-03-02 17:48:19,2026-03-02 17:48:24,EMP,3,"13,17,22,24,69,171,666",2026-03-02 17:48:24,,,,,0
1170002,99.822.541/0001-99,Empresa Teste CRUD,Teste CRUD Atualizado,"Rua Teste, 123",São Paulo,SP,01234-567,(11) 3456-7890,teste@crud.com,,,,1,2026-03-02 18:01:06,2026-03-02 18:01:13,EMP,3,"13,17,22,24,69,171,666",2026-03-02 18:01:13,,,,,0
1200001,99.590.837/0001-99,Empresa Teste CRUD,Teste CRUD Atualizado,"Rua Teste, 123",São Paulo,SP,01234-567,(11) 3456-7890,teste@crud.com,,,,1,2026-03-03 06:03:19,2026-03-03 06:03:20,EMP,3,"13,17,22,24,69,171,666",2026-03-03 06:03:20,,,,,0
1200002,99.127.268/0001-99,Empresa Teste CRUD,Teste CRUD Atualizado,"Rua Teste, 123",São Paulo,SP,01234-567,(11) 3456-7890,teste@crud.com,,,,1,2026-03-03 06:03:43,2026-03-03 06:03:44,EMP,3,"13,17,22,24,69,171,666",2026-03-03 06:03:44,,,,,0
1230001,99.709.053/0001-99,Empresa Teste CRUD,Teste CRUD Atualizado,"Rua Teste, 123",São Paulo,SP,01234-567,(11) 3456-7890,teste@crud.com,,,,1,2026-03-03 09:37:55,2026-03-03 09:37:56,EMP,3,"13,17,22,24,69,171,666",2026-03-03 09:37:56,,,,,0
1230002,99.166.385/0001-99,Empresa Teste CRUD,Teste CRUD Atualizado,"Rua Teste, 123",São Paulo,SP,01234-567,(11) 3456-7890,teste@crud.com,,,,1,2026-03-03 09:38:55,2026-03-03 09:38:56,EMP,3,"13,17,22,24,69,171,666",2026-03-03 09:38:56,,,,,0
1230003,99.605.859/0001-99,Empresa Teste CRUD,Teste CRUD Atualizado,"Rua Teste, 123",São Paulo,SP,01234-567,(11) 3456-7890,teste@crud.com,,,,1,2026-03-03 10:04:45,2026-03-03 10:04:46,EMP,3,"13,17,22,24,69,171,666",2026-03-03 10:04:46,,,,,0
1230004,99.054.302/0001-99,Empresa Teste CRUD,Teste CRUD Atualizado,"Rua Teste, 123",São Paulo,SP,01234-567,(11) 3456-7890,teste@crud.com,,,,1,2026-03-03 10:40:16,2026-03-03 10:40:18,EMP,3,"13,17,22,24,69,171,666",2026-03-03 10:40:18,,,,,0
1230005,99.543.174/0001-99,Empresa Teste CRUD,Teste CRUD Atualizado,"Rua Teste, 123",São Paulo,SP,01234-567,(11) 3456-7890,teste@crud.com,,,,1,2026-03-03 10:41:10,2026-03-03 10:41:11,EMP,3,"13,17,22,24,69,171,666",2026-03-03 10:41:11,,,,,0
1230006,99.481.664/0001-99,Empresa Teste CRUD,Teste CRUD Atualizado,"Rua Teste, 123",São Paulo,SP,01234-567,(11) 3456-7890,teste@crud.com,,,,1,2026-03-03 10:41:54,2026-03-03 10:41:55,EMP,3,"13,17,22,24,69,171,666",2026-03-03 10:41:55,,,,,0
1230007,99.603.371/0001-99,Empresa Teste CRUD,Teste CRUD Atualizado,"Rua Teste, 123",São Paulo,SP,01234-567,(11) 3456-7890,teste@crud.com,,,,1,2026-03-03 11:48:35,2026-03-03 11:48:44,EMP,3,"13,17,22,24,69,171,666",2026-03-03 11:48:44,,,,,0
1260001,99.060.675/0001-99,Empresa Teste CRUD,Teste CRUD Atualizado,"Rua Teste, 123",São Paulo,SP,01234-567,(11) 3456-7890,teste@crud.com,,,,1,2026-03-04 19:40:30,2026-03-04 19:40:31,EMP,3,"13,17,22,24,69,171,666",2026-03-04 19:40:31,,,,,0
1260002,99.271.226/0001-99,Empresa Teste CRUD,Teste CRUD Atualizado,"Rua Teste, 123",São Paulo,SP,01234-567,(11) 3456-7890,teste@crud.com,,,,1,2026-03-04 19:40:48,2026-03-04 19:40:49,EMP,3,"13,17,22,24,69,171,666",2026-03-04 19:40:49,,,,,0
1260003,99.514.151/0001-99,Empresa Teste CRUD,Teste CRUD Atualizado,"Rua Teste, 123",São Paulo,SP,01234-567,(11) 3456-7890,teste@crud.com,,,,1,2026-03-05 00:20:17,2026-03-05 00:20:18,EMP,3,"13,17,22,24,69,171,666",2026-03-05 00:20:18,,,,,0
1260004,99.808.544/0001-99,Empresa Teste CRUD,Teste CRUD Atualizado,"Rua Teste, 123",São Paulo,SP,01234-567,(11) 3456-7890,teste@crud.com,,,,1,2026-03-05 00:20:40,2026-03-05 00:20:41,EMP,3,"13,17,22,24,69,171,666",2026-03-05 00:20:41,,,,,0
1260005,99.181.099/0001-99,Empresa Teste CRUD,Teste CRUD Atualizado,"Rua Teste, 123",São Paulo,SP,01234-567,(11) 3456-7890,teste@crud.com,,,,1,2026-03-05 00:21:11,2026-03-05 00:21:12,EMP,3,"13,17,22,24,69,171,666",2026-03-05 00:21:12,,,,,0
1260006,99.720.454/0001-99,Empresa Teste CRUD,Teste CRUD Atualizado,"Rua Teste, 123",São Paulo,SP,01234-567,(11) 3456-7890,teste@crud.com,,,,1,2026-03-05 00:31:45,2026-03-05 00:31:46,EMP,3,"13,17,22,24,69,171,666",2026-03-05 00:31:46,,,,,0
1260007,99.647.175/0001-99,Empresa Teste CRUD,Teste CRUD Atualizado,"Rua Teste, 123",São Paulo,SP,01234-567,(11) 3456-7890,teste@crud.com,,,,1,2026-03-05 00:32:06,2026-03-05 00:32:07,EMP,3,"13,17,22,24,69,171,666",2026-03-05 00:32:07,,,,,0
1260008,99.033.725/0001-99,Empresa Teste CRUD,Teste CRUD Atualizado,"Rua Teste, 123",São Paulo,SP,01234-567,(11) 3456-7890,teste@crud.com,,,,1,2026-03-05 00:56:15,2026-03-05 00:56:15,EMP,3,"13,17,22,24,69,171,666",2026-03-05 00:56:15,,,,,0
1260009,99.926.142/0001-99,Empresa Teste CRUD,Teste CRUD Atualizado,"Rua Teste, 123",São Paulo,SP,01234-567,(11) 3456-7890,teste@crud.com,,,,1,2026-03-05 00:56:34,2026-03-05 00:56:34,EMP,3,"13,17,22,24,69,171,666",2026-03-05 00:56:34,,,,,0
1260010,99.509.163/0001-99,Empresa Teste CRUD,Teste CRUD Atualizado,"Rua Teste, 123",São Paulo,SP,01234-567,(11) 3456-7890,teste@crud.com,,,,1,2026-03-05 01:38:21,2026-03-05 01:38:22,EMP,3,"13,17,22,24,69,171,666",2026-03-05 01:38:22,,,,,0
1260011,99.688.260/0001-99,Empresa Teste CRUD,Teste CRUD Atualizado,"Rua Teste, 123",São Paulo,SP,01234-567,(11) 3456-7890,teste@crud.com,,,,1,2026-03-05 01:38:45,2026-03-05 01:38:46,EMP,3,"13,17,22,24,69,171,666",2026-03-05 01:38:46,,,,,0
1260012,99.547.876/0001-99,Empresa Teste CRUD,Teste CRUD Atualizado,"Rua Teste, 123",São Paulo,SP,01234-567,(11) 3456-7890,teste@crud.com,,,,1,2026-03-05 01:40:33,2026-03-05 01:40:34,EMP,3,"13,17,22,24,69,171,666",2026-03-05 01:40:34,,,,,0
1260013,99.951.106/0001-99,Empresa Teste CRUD,Teste CRUD Atualizado,"Rua Teste, 123",São Paulo,SP,01234-567,(11) 3456-7890,teste@crud.com,,,,1,2026-03-05 01:48:42,2026-03-05 01:48:42,EMP,3,"13,17,22,24,69,171,666",2026-03-05 01:48:42,,,,,0
1260014,99.583.722/0001-99,Empresa Teste CRUD,Teste CRUD Atualizado,"Rua Teste, 123",São Paulo,SP,01234-567,(11) 3456-7890,teste@crud.com,,,,1,2026-03-05 01:56:35,2026-03-05 01:56:36,EMP,3,"13,17,22,24,69,171,666",2026-03-05 01:56:36,,,,,0
1260015,99.152.617/0001-99,Empresa Teste CRUD,Teste CRUD Atualizado,"Rua Teste, 123",São Paulo,SP,01234-567,(11) 3456-7890,teste@crud.com,,,,1,2026-03-05 02:10:03,2026-03-05 02:10:04,EMP,3,"13,17,22,24,69,171,666",2026-03-05 02:10:04,,,,,0
1260016,99.535.637/0001-99,Empresa Teste CRUD,Teste CRUD Atualizado,"Rua Teste, 123",São Paulo,SP,01234-567,(11) 3456-7890,teste@crud.com,,,,1,2026-03-05 02:45:28,2026-03-05 02:45:29,EMP,3,"13,17,22,24,69,171,666",2026-03-05 02:45:29,,,,,0
1260017,99.736.424/0001-99,Empresa Teste CRUD,Teste CRUD Atualizado,"Rua Teste, 123",São Paulo,SP,01234-567,(11) 3456-7890,teste@crud.com,,,,1,2026-03-05 02:57:31,2026-03-05 02:57:32,EMP,3,"13,17,22,24,69,171,666",2026-03-05 02:57:32,,,,,0
1260018,99.255.163/0001-99,Empresa Teste CRUD,Teste CRUD Atualizado,"Rua Teste, 123",São Paulo,SP,01234-567,(11) 3456-7890,teste@crud.com,,,,1,2026-03-05 03:02:59,2026-03-05 03:03:00,EMP,3,"13,17,22,24,69,171,666",2026-03-05 03:03:00,,,,,0
1260019,99.721.405/0001-99,Empresa Teste CRUD,Teste CRUD Atualizado,"Rua Teste, 123",São Paulo,SP,01234-567,(11) 3456-7890,teste@crud.com,,,,1,2026-03-05 03:05:07,2026-03-05 03:05:08,EMP,3,"13,17,22,24,69,171,666",2026-03-05 03:05:08,,,,,0
1290001,99.982.146/0001-99,Empresa Teste CRUD,Teste CRUD Atualizado,"Rua Teste, 123",São Paulo,SP,01234-567,(11) 3456-7890,teste@crud.com,,,,1,2026-03-05 08:00:15,2026-03-05 08:00:18,EMP,3,"13,17,22,24,69,171,666",2026-03-05 08:00:18,,,,,0
1290002,99.172.320/0001-99,Empresa Teste CRUD,Teste CRUD Atualizado,"Rua Teste, 123",São Paulo,SP,01234-567,(11) 3456-7890,teste@crud.com,,,,1,2026-03-05 08:00:49,2026-03-05 08:00:50,EMP,3,"13,17,22,24,69,171,666",2026-03-05 08:00:50,,,,,0
1290003,99.794.578/0001-99,Empresa Teste CRUD,Teste CRUD Atualizado,"Rua Teste, 123",São Paulo,SP,01234-567,(11) 3456-7890,teste@crud.com,,,,1,2026-03-05 11:35:34,2026-03-05 11:35:35,EMP,3,"13,17,22,24,69,171,666",2026-03-05 11:35:35,,,,,0
1290004,99.071.983/0001-99,Empresa Teste CRUD,Teste CRUD Atualizado,"Rua Teste, 123",São Paulo,SP,01234-567,(11) 3456-7890,teste@crud.com,,,,1,2026-03-05 13:00:39,2026-03-05 13:00:40,EMP,3,"13,17,22,24,69,171,666",2026-03-05 13:00:40,,,,,0
1290005,99.410.293/0001-99,Empresa Teste CRUD,Teste CRUD Atualizado,"Rua Teste, 123",São Paulo,SP,01234-567,(11) 3456-7890,teste@crud.com,,,,1,2026-03-05 13:14:23,2026-03-05 13:14:24,EMP,3,"13,17,22,24,69,171,666",2026-03-05 13:14:24,,,,,0
1290006,99.254.780/0001-99,Empresa Teste CRUD,Teste CRUD Atualizado,"Rua Teste, 123",São Paulo,SP,01234-567,(11) 3456-7890,teste@crud.com,,,,1,2026-03-05 13:31:16,2026-03-05 13:31:17,EMP,3,"13,17,22,24,69,171,666",2026-03-05 13:31:17,,,,,0
1320001,99.776.856/0001-99,Empresa Teste CRUD,Teste CRUD Atualizado,"Rua Teste, 123",São Paulo,SP,01234-567,(11) 3456-7890,teste@crud.com,,,,1,2026-03-09 17:06:42,2026-03-09 17:06:44,EMP,3,"13,17,22,24,69,171,666",2026-03-09 17:06:44,,,,,0
1320002,99.179.540/0001-99,Empresa Teste CRUD,Teste CRUD Atualizado,"Rua Teste, 123",São Paulo,SP,01234-567,(11) 3456-7890,teste@crud.com,,,,1,2026-03-09 17:07:14,2026-03-09 17:07:15,EMP,3,"13,17,22,24,69,171,666",2026-03-09 17:07:15,,,,,0
1320003,99.743.151/0001-99,Empresa Teste CRUD,Teste CRUD Atualizado,"Rua Teste, 123",São Paulo,SP,01234-567,(11) 3456-7890,teste@crud.com,,,,1,2026-03-09 17:07:39,2026-03-09 17:07:40,EMP,3,"13,17,22,24,69,171,666",2026-03-09 17:07:40,,,,,0
1320004,99.910.199/0001-99,Empresa Teste CRUD,Teste CRUD Atualizado,"Rua Teste, 123",São Paulo,SP,01234-567,(11) 3456-7890,teste@crud.com,,,,1,2026-03-09 17:08:16,2026-03-09 17:08:17,EMP,3,"13,17,22,24,69,171,666",2026-03-09 17:08:17,,,,,0
1320005,99.544.303/0001-99,Empresa Teste CRUD,Teste CRUD Atualizado,"Rua Teste, 123",São Paulo,SP,01234-567,(11) 3456-7890,teste@crud.com,,,,1,2026-03-09 17:08:58,2026-03-09 17:08:59,EMP,3,"13,17,22,24,69,171,666",2026-03-09 17:08:59,,,,,0
1320006,99.957.377/0001-99,Empresa Teste CRUD,Teste CRUD Atualizado,"Rua Teste, 123",São Paulo,SP,01234-567,(11) 3456-7890,teste@crud.com,,,,1,2026-03-09 20:24:40,2026-03-09 20:24:41,EMP,3,"13,17,22,24,69,171,666",2026-03-09 20:24:41,,,,,0
1320007,99.381.296/0001-99,Empresa Teste CRUD,Teste CRUD Atualizado,"Rua Teste, 123",São Paulo,SP,01234-567,(11) 3456-7890,teste@crud.com,,,,1,2026-03-09 20:26:00,2026-03-09 20:26:01,EMP,3,"13,17,22,24,69,171,666",2026-03-09 20:26:01,,,,,0
1320008,99.257.707/0001-99,Empresa Teste CRUD,Teste CRUD Atualizado,"Rua Teste, 123",São Paulo,SP,01234-567,(11) 3456-7890,teste@crud.com,,,,1,2026-03-09 20:35:58,2026-03-09 20:35:59,EMP,3,"13,17,22,24,69,171,666",2026-03-09 20:35:59,,,,,0
1320009,99.658.303/0001-99,Empresa Teste CRUD,Teste CRUD Atualizado,"Rua Teste, 123",São Paulo,SP,01234-567,(11) 3456-7890,teste@crud.com,,,,1,2026-03-09 20:59:07,2026-03-09 20:59:08,EMP,3,"13,17,22,24,69,171,666",2026-03-09 20:59:08,,,,,0
1320010,99.291.589/0001-99,Empresa Teste CRUD,Teste CRUD Atualizado,"Rua Teste, 123",São Paulo,SP,01234-567,(11) 3456-7890,teste@crud.com,,,,1,2026-03-09 23:55:50,2026-03-09 23:55:51,EMP,3,"13,17,22,24,69,171,666",2026-03-09 23:55:51,,,,,0
1320011,99.675.626/0001-99,Empresa Teste CRUD,Teste CRUD Atualizado,"Rua Teste, 123",São Paulo,SP,01234-567,(11) 3456-7890,teste@crud.com,,,,1,2026-03-10 00:03:31,2026-03-10 00:03:32,EMP,3,"13,17,22,24,69,171,666",2026-03-10 00:03:32,,,,,0
